{
	"multipart": [
		{
			"apply": [
				{
					"model": "bloomingnature:block/larch_leaves",
					"weight": 16
				},
				{
					"model": "bloomingnature:block/larch_leaves_block",
					"weight": 4
				},
				{
					"model": "bloomingnature:block/larch_leaves_block",
					"uvlock": true,
					"weight": 4,
					"x": 180
				},
				{
					"model": "bloomingnature:block/larch_leaves",
					"weight": 8
				}
			]
		},
		{
			"apply": [
				{
					"model": "cubicleaves:block/empty",
					"weight": 16
				},
				{
					"model": "bloomingnature:block/larch_leaves_canopy_1",
					"weight": 1
				},
				{
					"model": "bloomingnature:block/larch_leaves_canopy_1",
					"weight": 1,
					"y": 90
				},
				{
					"model": "bloomingnature:block/larch_leaves_canopy_1",
					"weight": 1,
					"y": 180
				},
				{
					"model": "bloomingnature:block/larch_leaves_canopy_1",
					"weight": 1,
					"y": 270
				},
				{
					"model": "bloomingnature:block/larch_leaves_canopy_1",
					"weight": 1,
					"x": 180
				},
				{
					"model": "bloomingnature:block/larch_leaves_canopy_1",
					"weight": 1,
					"x": 180,
					"y": 90
				},
				{
					"model": "bloomingnature:block/larch_leaves_canopy_1",
					"weight": 1,
					"x": 180,
					"y": 180
				},
				{
					"model": "bloomingnature:block/larch_leaves_canopy_1",
					"weight": 1,
					"x": 180,
					"y": 270
				},
				{
					"model": "bloomingnature:block/larch_leaves_canopy_2",
					"weight": 1
				},
				{
					"model": "bloomingnature:block/larch_leaves_canopy_2",
					"weight": 1,
					"y": 90
				},
				{
					"model": "bloomingnature:block/larch_leaves_canopy_2",
					"weight": 1,
					"y": 180
				},
				{
					"model": "bloomingnature:block/larch_leaves_canopy_2",
					"weight": 1,
					"y": 270
				},
				{
					"model": "bloomingnature:block/larch_leaves_canopy_2",
					"weight": 1,
					"x": 180
				},
				{
					"model": "bloomingnature:block/larch_leaves_canopy_2",
					"weight": 1,
					"x": 180,
					"y": 90
				},
				{
					"model": "bloomingnature:block/larch_leaves_canopy_2",
					"weight": 1,
					"x": 180,
					"y": 180
				},
				{
					"model": "bloomingnature:block/larch_leaves_canopy_2",
					"weight": 1,
					"x": 180,
					"y": 270
				}
			]
		}
	]
}