{
	"credit": "Made by AlleCraft",
	"parent": "block/block",
	"elements": [
		{
			"from": [0, 12, 0],
			"to": [16, 16, 16],
			"faces": {
				"north": {"uv": [0, 0, 16, 4], "texture": "#side"},
				"east": {"uv": [0, 0, 16, 4], "texture": "#side"},
				"south": {"uv": [0, 0, 16, 4], "texture": "#side"},
				"west": {"uv": [0, 0, 16, 4], "texture": "#side"},
				"up": {"uv": [0, 0, 16, 16], "texture": "#top"},
				"down": {"uv": [0, 0, 16, 16], "texture": "#legBottom"}
			}
		},
		{
			"from": [1, 0, 1],
			"to": [5, 12, 5],
			"faces": {
				"north": {"uv": [12, 4, 16, 16], "texture": "#leg"},
				"east": {"uv": [12, 4, 16, 16], "texture": "#leg"},
				"south": {"uv": [12, 4, 16, 16], "texture": "#leg"},
				"west": {"uv": [12, 4, 16, 16], "texture": "#leg"},
				"up": {"uv": [12, 12, 16, 16], "texture": "#legBottom"},
				"down": {"uv": [12, 12, 16, 16], "texture": "#legBottom"}
			}
		},
		{
			"from": [11, 0, 1],
			"to": [15, 12, 5],
			"faces": {
				"north": {"uv": [0, 4, 4, 16], "texture": "#leg"},
				"east": {"uv": [0, 4, 4, 16], "texture": "#leg"},
				"south": {"uv": [0, 4, 4, 16], "texture": "#leg"},
				"west": {"uv": [0, 4, 4, 16], "texture": "#leg"},
				"up": {"uv": [0, 12, 4, 16], "texture": "#legBottom"},
				"down": {"uv": [0, 12, 4, 16], "texture": "#legBottom"}
			}
		},
		{
			"from": [11, 0, 11],
			"to": [15, 12, 15],
			"faces": {
				"north": {"uv": [0, 4, 4, 16], "texture": "#leg"},
				"east": {"uv": [0, 4, 4, 16], "texture": "#leg"},
				"south": {"uv": [0, 4, 4, 16], "texture": "#leg"},
				"west": {"uv": [0, 3, 4, 15], "texture": "#leg"},
				"up": {"uv": [0, 0, 4, 4], "texture": "#legBottom"},
				"down": {"uv": [0, 0, 4, 4], "texture": "#legBottom"}
			}
		},
		{
			"from": [1, 0, 11],
			"to": [5, 12, 15],
			"faces": {
				"north": {"uv": [12, 4, 16, 16], "texture": "#leg"},
				"east": {"uv": [12, 4, 16, 16], "texture": "#leg"},
				"south": {"uv": [12, 4, 16, 16], "texture": "#leg"},
				"west": {"uv": [12, 4, 16, 16], "texture": "#leg"},
				"up": {"uv": [12, 0, 16, 4], "texture": "#bottom"},
				"down": {"uv": [12, 0, 16, 4], "texture": "#bottom"}
			}
		},
		{
			"from": [1.5, 3, 5],
			"to": [4.5, 6, 11],
			"faces": {
				"north": {"uv": [5, 8, 11, 11], "texture": "#leg"},
				"east": {"uv": [5, 8, 11, 11], "texture": "#leg"},
				"south": {"uv": [5, 8, 11, 11], "texture": "#leg"},
				"west": {"uv": [5, 8, 11, 11], "texture": "#leg"},
				"up": {"uv": [5, 8, 11, 11], "texture": "#leg"},
				"down": {"uv": [5, 8, 11, 11], "texture": "#leg"}
			}
		},
		{
			"from": [11.5, 3, 5],
			"to": [14.5, 6, 11],
			"faces": {
				"north": {"uv": [5, 8, 11, 11], "texture": "#leg"},
				"east": {"uv": [5, 8, 11, 11], "texture": "#leg"},
				"south": {"uv": [5, 8, 11, 11], "texture": "#leg"},
				"west": {"uv": [5, 8, 11, 11], "texture": "#leg"},
				"up": {"uv": [5, 8, 11, 11], "texture": "#leg"},
				"down": {"uv": [5, 8, 11, 11], "texture": "#leg"}
			}
		},
		{
			"from": [5, 3, 11.5],
			"to": [11, 6, 14.5],
			"faces": {
				"north": {"uv": [5, 8, 10, 11], "texture": "#leg"},
				"east": {"uv": [5, 8, 10, 11], "texture": "#leg"},
				"south": {"uv": [5, 8, 10, 11], "texture": "#leg"},
				"west": {"uv": [5, 8, 10, 11], "texture": "#leg"},
				"up": {"uv": [5, 8, 10, 11], "texture": "#leg"},
				"down": {"uv": [5, 8, 10, 11], "texture": "#leg"}
			}
		},
		{
			"from": [5, 3, 1.5],
			"to": [11, 6, 4.5],
			"faces": {
				"north": {"uv": [5, 8, 10, 11], "texture": "#leg"},
				"east": {"uv": [5, 8, 10, 11], "texture": "#leg"},
				"south": {"uv": [5, 8, 10, 11], "texture": "#leg"},
				"west": {"uv": [5, 8, 10, 11], "texture": "#leg"},
				"up": {"uv": [5, 8, 10, 11], "texture": "#leg"},
				"down": {"uv": [5, 8, 10, 11], "texture": "#leg"}
			}
		}
	],
	"display": {
		"fixed": {
			"rotation": [0, 90, 0],
			"scale": [0.5, 0.5, 0.5]
		}
	}
}