{
  "caves": {
    "caveCarverProbability": 0.05,
    "cheeseCaveDepthOffset": 1.5625,
    "cheeseCaveProbability": 1.0,
    "deepCaveCarverProbability": 0.07,
    "entranceCaveProbability": 0.0,
    "largeOreVeins": true,
    "legacyCarverDistribution": false,
    "noodleCaveProbability": 1.0,
    "ravineCarverProbability": 0.0075,
    "spaghettiCaveProbability": 1.0
  },
  "climate": {
    "biomeEdgeShape": {
      "type": "SIMPLEX",
      "gain": 0.5,
      "lacunarity": 2.65,
      "octaves": 2,
      "scale": 24,
      "strength": 14
    },
    "biomeShape": {
      "biomeSize": 225,
      "biomeWarpScale": 150,
      "biomeWarpStrength": 80,
      "macroNoiseSize": 8
    },
    "moisture": {
      "bias": 0.0,
      "falloff": 1,
      "max": 1.0,
      "min": 0.0,
      "scale": 6,
      "seedOffset": 0
    },
    "temperature": {
      "bias": 0.05,
      "falloff": 2,
      "max": 0.98,
      "min": 0.0,
      "scale": 6,
      "seedOffset": 0
    }
  },
  "filters": {
    "erosion": {
      "depositeRate": 0.5,
      "dropletLifetime": 12,
      "dropletVelocity": 0.7,
      "dropletVolume": 0.7,
      "dropletsPerChunk": 135,
      "erosionRate": 0.5
    },
    "smoothing": {
      "iterations": 1,
      "smoothingRadius": 1.8,
      "smoothingRate": 0.9
    }
  },
  "miscellaneous": {
    "customBiomeFeatures": true,
    "erosionDecorator": true,
    "mountainBiomeUsage": 0.4,
    "naturalSnowDecorator": true,
    "oreCompatibleStoneOnly": true,
    "plainStoneErosion": false,
    "smoothLayerDecorator": true,
    "strataDecorator": true,
    "strataRegionSize": 600,
    "vanillaLavaLakes": true,
    "vanillaLavaSprings": false,
    "vanillaSprings": false,
    "volcanoBiomeUsage": 0.4
  },
  "rivers": {
    "branchRivers": {
      "bankWidth": 14,
      "bedDepth": 4,
      "bedWidth": 5,
      "fade": 0.975,
      "maxBankHeight": 4,
      "minBankHeight": 1
    },
    "lakes": {
      "chance": 0.3,
      "depth": 10,
      "maxBankHeight": 10,
      "maxStartDistance": 0.03,
      "minBankHeight": 2,
      "minStartDistance": 0.0,
      "sizeMax": 150,
      "sizeMin": 75
    },
    "mainRivers": {
      "bankWidth": 20,
      "bedDepth": 5,
      "bedWidth": 8,
      "fade": 0.75,
      "maxBankHeight": 6,
      "minBankHeight": 2
    },
    "riverCount": 8,
    "seedOffset": 0,
    "wetlands": {
      "chance": 0.6,
      "sizeMax": 225,
      "sizeMin": 175
    }
  },
  "structures": {
    "structures": {}
  },
  "surface": {
    "erosion": {
      "dirtMin": 95,
      "dirtSteepness": 0.475,
      "dirtVariance": 40,
      "rockMin": 256,
      "rockSteepness": 0.65,
      "rockVariance": 30,
      "screeSteepness": 0.4
    }
  },
  "terrain": {
    "badlands": {
      "baseScale": 1.0,
      "horizontalScale": 1.0,
      "verticalScale": 1.0,
      "weight": 1.0
    },
    "dales": {
      "baseScale": 1.0,
      "horizontalScale": 1.0,
      "verticalScale": 1.0,
      "weight": 1.5
    },
    "general": {
      "fancyMountains": true,
      "globalHorizontalScale": 1.0,
      "globalVerticalScale": 0.96,
      "legacyMountainScaling": false,
      "terrainRegionSize": 1200,
      "terrainSeedOffset": 0
    },
    "hills": {
      "baseScale": 1.0,
      "horizontalScale": 1.0,
      "verticalScale": 1.0,
      "weight": 2.0
    },
    "mountains": {
      "baseScale": 1.0,
      "horizontalScale": 1.0,
      "verticalScale": 1.0,
      "weight": 2.5
    },
    "plains": {
      "baseScale": 1.0,
      "horizontalScale": 1.0,
      "verticalScale": 1.0,
      "weight": 2.0
    },
    "plateau": {
      "baseScale": 1.0,
      "horizontalScale": 1.0,
      "verticalScale": 1.0,
      "weight": 1.5
    },
    "steppe": {
      "baseScale": 1.0,
      "horizontalScale": 1.0,
      "verticalScale": 1.0,
      "weight": 1.0
    },
    "torridonian": {
      "baseScale": 1.0,
      "horizontalScale": 1.0,
      "verticalScale": 1.0,
      "weight": 2.0
    },
    "volcano": {
      "baseScale": 1.0,
      "horizontalScale": 1.0,
      "verticalScale": 1.0,
      "weight": 5.0
    }
  },
  "world": {
    "continent": {
      "continentJitter": 0.7,
      "continentScale": 3000,
      "continentType": "MULTI_IMPROVED"
    },
    "controlPoints": {
      "beach": 0.327,
      "coast": 0.448,
      "deepOcean": 0.1,
      "inland": 0.502,
      "shallowOcean": 0.25
    },
    "properties": {
      "seaLevel": 63,
      "spawnType": "CONTINENT_CENTER",
      "worldHeight": 384
    }
  }
}