{
  "caves": {
    "caveCarverProbability": 0.05,
    "cheeseCaveDepthOffset": 1.5625,
    "cheeseCaveProbability": 1.0,
    "deepCaveCarverProbability": 0.07,
    "entranceCaveProbability": 0.0,
    "largeOreVeins": true,
    "legacyCarverDistribution": false,
    "noodleCaveProbability": 1.0,
    "ravineCarverProbability": 0.0075,
    "spaghettiCaveProbability": 1.0
  },
  "climate": {
    "biomeEdgeShape": {
      "type": "SIMPLEX",
      "gain": 0.5,
      "lacunarity": 2.65,
      "octaves": 2,
      "scale": 24,
      "strength": 14
    },
    "biomeShape": {
      "biomeSize": 225,
      "biomeWarpScale": 150,
      "biomeWarpStrength": 80,
      "macroNoiseSize": 8
    },
    "moisture": {
      "bias": 0.0,
      "falloff": 1,
      "max": 1.0,
      "min": 0.0,
      "scale": 6,
      "seedOffset": 0
    },
    "temperature": {
      "bias": 0.05,
      "falloff": 3,
      "max": 0.7989691,
      "min": 0.0,
      "scale": 6,
      "seedOffset": 0
    }
  },
  "filters": {
    "erosion": {
      "depositeRate": 0.5,
      "dropletLifetime": 12,
      "dropletVelocity": 0.7,
      "dropletVolume": 0.7,
      "dropletsPerChunk": 196,
      "erosionRate": 0.5
    },
    "smoothing": {
      "iterations": 3,
      "smoothingRadius": 1.8,
      "smoothingRate": 0.9
    }
  },
  "miscellaneous": {
    "customBiomeFeatures": true,
    "erosionDecorator": true,
    "mountainBiomeUsage": 0.4,
    "naturalSnowDecorator": true,
    "oreCompatibleStoneOnly": true,
    "plainStoneErosion": false,
    "smoothLayerDecorator": true,
    "strataDecorator": true,
    "strataRegionSize": 600,
    "vanillaLavaLakes": true,
    "vanillaLavaSprings": false,
    "vanillaSprings": true,
    "volcanoBiomeUsage": 0.4
  },
  "rivers": {
    "branchRivers": {
      "bankWidth": 30,
      "bedDepth": 9,
      "bedWidth": 10,
      "fade": 0.496134,
      "maxBankHeight": 8,
      "minBankHeight": 0
    },
    "lakes": {
      "chance": 0.6765464,
      "depth": 15,
      "maxBankHeight": 7,
      "maxStartDistance": 0.03,
      "minBankHeight": 5,
      "minStartDistance": 0.0,
      "sizeMax": 201,
      "sizeMin": 75
    },
    "mainRivers": {
      "bankWidth": 40,
      "bedDepth": 10,
      "bedWidth": 20,
      "fade": 0.10309278,
      "maxBankHeight": 6,
      "minBankHeight": 3
    },
    "riverCount": 10,
    "seedOffset": 0,
    "wetlands": {
      "chance": 0.6,
      "sizeMax": 225,
      "sizeMin": 175
    }
  },
  "structures": {
    "structures": {
      "apotheosis:tower_leaf": {
        "disabled": false,
        "salt": 2077681999,
        "separation": 40,
        "spacing": 52
      },
      "apotheosis:tower_main": {
        "disabled": false,
        "salt": 2077708202,
        "separation": 30,
        "spacing": 52
      },
      "apotheosis:tower_sand": {
        "disabled": false,
        "salt": 2077887093,
        "separation": 40,
        "spacing": 52
      },
      "apotheosis:tower_spruce": {
        "disabled": false,
        "salt": 296304781,
        "separation": 40,
        "spacing": 52
      },
      "betterjungletemples:jungle_temples": {
        "disabled": false,
        "salt": 626838683,
        "separation": 16,
        "spacing": 48
      },
      "betteroceanmonuments:ocean_monument": {
        "disabled": false,
        "salt": 175250268,
        "separation": 40,
        "spacing": 100
      },
      "fdbosses:chesed_arena": {
        "disabled": false,
        "salt": 1155730693,
        "separation": 100,
        "spacing": 200
      },
      "fdbosses:malkuth_arena": {
        "disabled": false,
        "salt": 841491043,
        "separation": 38,
        "spacing": 80
      },
      "hopo:mineshafts": {
        "disabled": false,
        "salt": 91652608,
        "separation": 14,
        "spacing": 56
      },
      "hopo:mineshafts_biomes": {
        "disabled": false,
        "salt": 334271758,
        "separation": 2,
        "spacing": 34
      },
      "minecraft:ancient_cities": {
        "disabled": false,
        "salt": 1890041885,
        "separation": 16,
        "spacing": 48
      },
      "minecraft:buried_treasures": {
        "disabled": false,
        "salt": 374246149,
        "separation": 0,
        "spacing": 2
      },
      "minecraft:desert_pyramids": {
        "disabled": false,
        "salt": 709340736,
        "separation": 16,
        "spacing": 64
      },
      "minecraft:igloos": {
        "disabled": false,
        "salt": 1091060942,
        "separation": 16,
        "spacing": 64
      },
      "minecraft:jungle_temples": {
        "disabled": false,
        "salt": 1585865137,
        "separation": 16,
        "spacing": 64
      },
      "minecraft:mineshafts": {
        "disabled": false,
        "salt": 2017166137,
        "separation": 0,
        "spacing": 2
      },
      "minecraft:ocean_monuments": {
        "disabled": false,
        "salt": 791418814,
        "separation": 10,
        "spacing": 64
      },
      "minecraft:ocean_ruins": {
        "disabled": false,
        "salt": 309623293,
        "separation": 16,
        "spacing": 40
      },
      "minecraft:pillager_outposts": {
        "disabled": false,
        "salt": 799454325,
        "separation": 16,
        "spacing": 64
      },
      "minecraft:ruined_portals": {
        "disabled": false,
        "salt": 1421244412,
        "separation": 30,
        "spacing": 80
      },
      "minecraft:shipwrecks": {
        "disabled": false,
        "salt": 477071094,
        "separation": 8,
        "spacing": 48
      },
      "minecraft:swamp_huts": {
        "disabled": false,
        "salt": 1462052808,
        "separation": 16,
        "spacing": 64
      },
      "minecraft:trail_ruins": {
        "disabled": false,
        "salt": 815477499,
        "separation": 16,
        "spacing": 68
      },
      "minecraft:villages": {
        "disabled": false,
        "salt": 1879003020,
        "separation": 16,
        "spacing": 68
      },
      "minecraft:woodland_mansions": {
        "disabled": false,
        "salt": 1119252734,
        "separation": 40,
        "spacing": 160
      },
      "mna:boss_structures": {
        "disabled": false,
        "salt": 295874344,
        "separation": 100,
        "spacing": 300
      },
      "mna:faction_strongholds": {
        "disabled": false,
        "salt": 1320752608,
        "separation": 40,
        "spacing": 50
      },
      "mna:manaweave_caches": {
        "disabled": false,
        "salt": 906267665,
        "separation": 40,
        "spacing": 50
      },
      "mna:scatter": {
        "disabled": false,
        "salt": 2050312156,
        "separation": 30,
        "spacing": 40
      },
      "tconstruct:overworld_ocean_island": {
        "disabled": false,
        "salt": 988496718,
        "separation": 18,
        "spacing": 60
      },
      "tconstruct:overworld_sky_island": {
        "disabled": false,
        "salt": 1720891339,
        "separation": 8,
        "spacing": 70
      },
      "towns_and_towers:other": {
        "disabled": false,
        "salt": 210142182,
        "separation": 32,
        "spacing": 64
      },
      "towns_and_towers:towers": {
        "disabled": false,
        "salt": 1936551820,
        "separation": 48,
        "spacing": 96
      },
      "towns_and_towers:towns": {
        "disabled": false,
        "salt": 214625527,
        "separation": 48,
        "spacing": 96
      }
    }
  },
  "surface": {
    "erosion": {
      "dirtMin": 95,
      "dirtSteepness": 0.475,
      "dirtVariance": 40,
      "rockMin": 256,
      "rockSteepness": 0.65,
      "rockVariance": 30,
      "screeSteepness": 0.4
    }
  },
  "terrain": {
    "badlands": {
      "baseScale": 1.0,
      "horizontalScale": 1.0,
      "verticalScale": 1.0,
      "weight": 1.0
    },
    "dales": {
      "baseScale": 1.0,
      "horizontalScale": 1.0,
      "verticalScale": 1.0,
      "weight": 1.5
    },
    "general": {
      "fancyMountains": true,
      "globalHorizontalScale": 1.0,
      "globalVerticalScale": 1.0,
      "legacyMountainScaling": false,
      "terrainRegionSize": 2003,
      "terrainSeedOffset": 0
    },
    "hills": {
      "baseScale": 1.0,
      "horizontalScale": 5.1417527,
      "verticalScale": 0.52835053,
      "weight": 2.0
    },
    "mountains": {
      "baseScale": 1.0,
      "horizontalScale": 1.0,
      "verticalScale": 1.0,
      "weight": 2.5
    },
    "plains": {
      "baseScale": 1.0,
      "horizontalScale": 1.0,
      "verticalScale": 1.0,
      "weight": 2.4742267
    },
    "plateau": {
      "baseScale": 1.0,
      "horizontalScale": 1.0,
      "verticalScale": 1.0,
      "weight": 1.5
    },
    "steppe": {
      "baseScale": 1.0,
      "horizontalScale": 1.0,
      "verticalScale": 1.0,
      "weight": 1.0
    },
    "torridonian": {
      "baseScale": 1.0,
      "horizontalScale": 1.0,
      "verticalScale": 1.0,
      "weight": 2.0
    },
    "volcano": {
      "baseScale": 1.0,
      "horizontalScale": 1.0,
      "verticalScale": 1.0,
      "weight": 5.0
    }
  },
  "world": {
    "continent": {
      "continentJitter": 0.7,
      "continentScale": 3000,
      "continentType": "MULTI_IMPROVED"
    },
    "controlPoints": {
      "beach": 0.3530928,
      "coast": 0.448,
      "deepOcean": 0.21262887,
      "inland": 0.502,
      "shallowOcean": 0.25
    },
    "properties": {
      "seaLevel": 65,
      "spawnType": "CONTINENT_CENTER",
      "worldHeight": 384
    }
  }
}