{
	"multipart": [
		{
			"apply": [
				{
					"model": "aether:block/berry_bush_cross"
				}
			]
		},
		{
			"apply": [
				{
					"model": "aether:block/berry_bush",
					"weight": 4
				},
				{
					"model": "aether:block/berry_bush_block",
					"weight": 4
				}
			]
		},
		{
			"apply": [
				{
					"model": "cubicleaves:block/empty",
					"weight": 4
				},
				{
					"model": "aether:block/berry_bush_canopy_1",
					"weight": 1
				},
				{
					"model": "aether:block/berry_bush_canopy_1",
					"weight": 1,
					"y": 90
				},
				{
					"model": "aether:block/berry_bush_canopy_1",
					"weight": 1,
					"y": 180
				},
				{
					"model": "aether:block/berry_bush_canopy_1",
					"weight": 1,
					"y": 270
				}
			]
		}
	]
}