{
	"multipart": [
		{
			"apply": [
				{
					"model": "biomesoplenty:block/mahogany_leaves",
					"weight": 24
				},
				{
					"model": "biomesoplenty:block/mahogany_leaves_block",
					"weight": 8
				},
				{
					"model": "biomesoplenty:block/mahogany_leaves_block",
					"uvlock": true,
					"weight": 4,
					"x": 180
				},
				{
					"model": "biomesoplenty:block/mahogany_leaves_block",
					"uvlock": true,
					"weight": 2,
					"x": 90
				},
				{
					"model": "biomesoplenty:block/mahogany_leaves_block",
					"uvlock": true,
					"weight": 2,
					"x": 90,
					"y": 90
				},
				{
					"model": "biomesoplenty:block/mahogany_leaves_block",
					"uvlock": true,
					"weight": 2,
					"x": 90,
					"y": 180
				},
				{
					"model": "biomesoplenty:block/mahogany_leaves_block",
					"uvlock": true,
					"weight": 2,
					"x": 90,
					"y": 270
				},
				{
					"model": "biomesoplenty:block/mahogany_leaves",
					"weight": 4
				}
			]
		},
		{
			"apply": [
				{
					"model": "cubicleaves:block/empty",
					"weight": 24
				},
				{
					"model": "biomesoplenty:block/mahogany_leaves_canopy_1",
					"weight": 2
				},
				{
					"model": "biomesoplenty:block/mahogany_leaves_canopy_1",
					"weight": 2,
					"y": 90
				},
				{
					"model": "biomesoplenty:block/mahogany_leaves_canopy_1",
					"weight": 2,
					"y": 180
				},
				{
					"model": "biomesoplenty:block/mahogany_leaves_canopy_1",
					"weight": 2,
					"y": 270
				},
				{
					"model": "biomesoplenty:block/mahogany_leaves_canopy_1",
					"weight": 1,
					"x": 180
				},
				{
					"model": "biomesoplenty:block/mahogany_leaves_canopy_1",
					"weight": 1,
					"x": 180,
					"y": 90
				},
				{
					"model": "biomesoplenty:block/mahogany_leaves_canopy_1",
					"weight": 1,
					"x": 180,
					"y": 180
				},
				{
					"model": "biomesoplenty:block/mahogany_leaves_canopy_1",
					"weight": 1,
					"x": 180,
					"y": 270
				},
				{
					"model": "biomesoplenty:block/mahogany_leaves_canopy_1",
					"weight": 2,
					"x": 90
				},
				{
					"model": "biomesoplenty:block/mahogany_leaves_canopy_1",
					"weight": 2,
					"x": 90,
					"y": 90
				},
				{
					"model": "biomesoplenty:block/mahogany_leaves_canopy_1",
					"weight": 2,
					"x": 90,
					"y": 180
				},
				{
					"model": "biomesoplenty:block/mahogany_leaves_canopy_1",
					"weight": 2,
					"x": 90,
					"y": 270
				},
				{
					"model": "biomesoplenty:block/mahogany_leaves_canopy_2",
					"weight": 1
				},
				{
					"model": "biomesoplenty:block/mahogany_leaves_canopy_2",
					"weight": 1,
					"y": 90
				},
				{
					"model": "biomesoplenty:block/mahogany_leaves_canopy_2",
					"weight": 1,
					"y": 180
				},
				{
					"model": "biomesoplenty:block/mahogany_leaves_canopy_2",
					"weight": 1,
					"y": 270
				}
			]
		}
	]
}