{
	"credit": "zanderest",
	"elements": [
		{
			"name": "canopy",
			"from": [-3, -10, 5.799],
			"to": [19, 14, 13.799],
			"rotation": {"angle": 22.5, "axis": "x", "origin": [8, 14, 5.799], "rescale": true},
			"faces": {
				"north": {"uv": [2.5, 0, 13.5, 12], "rotation": 180, "texture": "#all", "cullface": "down"},
				"east": {"uv": [2, 12, 14, 16], "rotation": 90, "texture": "#all", "cullface": "down"},
				"south": {"uv": [2.5, 0, 13.5, 12], "texture": "#all", "cullface": "down"},
				"west": {"uv": [2, 12, 14, 16], "rotation": 270, "texture": "#all", "cullface": "down"},
				"up": {"uv": [2.5, 4, 13.5, 8], "texture": "#all", "cullface": "down"},
				"down": {"uv": [2.5, 4, 13.5, 8], "rotation": 180, "texture": "#all", "cullface": "down"}
			}
		}
	]
}