{
	"credit": "zanderest",
	"parent": "minecraft:block/block",
	"textures": {
		"particle": "#all"
	},
	"elements": [
		{
			"name": "block",
			"from": [0, 0, 0],
			"to": [16, 16, 16],
			"faces": {
				"north": {"uv": [0, 0, 16, 16], "texture": "#all", "cullface": "north", "tintindex": 0},
				"east": {"uv": [0, 0, 16, 16], "texture": "#all", "cullface": "east", "tintindex": 0},
				"south": {"uv": [0, 0, 16, 16], "texture": "#all", "cullface": "south", "tintindex": 0},
				"west": {"uv": [0, 0, 16, 16], "texture": "#all", "cullface": "west", "tintindex": 0},
				"up": {"uv": [0, 0, 16, 16], "texture": "#all", "cullface": "up", "tintindex": 0},
				"down": {"uv": [0, 0, 16, 16], "texture": "#all", "cullface": "down", "tintindex": 0}
			}
		},
		{
			"name": "overlay",
			"from": [0, 0, 0],
			"to": [16, 16, 16],
			"faces": {
				"north": {"uv": [0, 0, 16, 16], "texture": "#overlay", "cullface": "north"},
				"east": {"uv": [0, 0, 16, 16], "texture": "#overlay", "cullface": "east"},
				"south": {"uv": [0, 0, 16, 16], "texture": "#overlay", "cullface": "south"},
				"west": {"uv": [0, 0, 16, 16], "texture": "#overlay", "cullface": "west"},
				"up": {"uv": [0, 0, 16, 16], "texture": "#overlay", "cullface": "up"},
				"down": {"uv": [0, 0, 16, 16], "texture": "#overlay", "cullface": "down"}
			}
		}
	]
}